Edad;Nombre;Apellido;Telefono 
Dhanashri;Chavare;7912238991;28
Raghav;Naik;8679877217;35
Deepak;Saniel;8266825580;23
Aayushi;Bal;9743532821;31
Vibha;Pai;9257506556;25
Reyansh;Gugale;9645281220;31
Vishishta;Mardhekar;7390844191;24
Nirav;Chavare;9253952677;33
Ajay;Bansal;7922165877;27
Mayra;Gamskar;7151342531;32
Nirav;Kumar;7157275148;35
Dharmesh;Gatty;7972252238;27
Tanish;Bhat;8007874377;23
Deepak;Naik;9294535727;35
Daksh;Kouser;9571974892;26
Asha;Uchil;8315360753;29
Shilpa;Gupta;8392191851;24
Samesh;Hiremath;7183942185;24
Sonali;Nayak;8978735406;24
Yashodha;Shet;8626724758;28
Meghashree;Nair;9597676380;35
Balhaar;Shetty;9466743086;25
Faraj;Singh;9172166462;23
Gaurav;Kouser;9222904597;28
Sharanya;Banerjee;8611274007;28
Vibha;Anand;9024569443;25
Sumana;Kavser;9650773627;27
Dhruv;Prabhu;9936720732;32
Rebecca;Mathew;8489942802;35
Bakhshi;Naik;9073908103;24
Manisha;Shayana;7353351881;34
Sanchitha;Nair;7730962427;24
Harish;Mendonsa;7519971727;31
Kimaya;Bhoja;8460748647;31
Vedant;Kulkarni;9127001005;24
Sanchitha;Sullad;9569226983;29
Anmol;Ramesh;9253710061;34
Mahika;Pujari;7051011609;29
Utkarsh;Rao;7773702973;32
Ishwar;Kumari;9461531232;24
Tanmay;Shetty;7160630175;23
Namitha;Holla;8281074915;28
Madhumita;Bangera;8024530101;25
Deeksha;Gupta;8024108081;35
Shwetha;Shah;7928143935;27
Yatan;Sullad;7620925873;22
Arpitha;Chatterjee;7800533028;29
Priyanka;Shukla;9307886106;28
Prisha;Sheikh;9144318131;26
Aditya;Belligatti;7025524387;25
Mangala;Naik;9141624497;27
Gopal;Bhoja;7532593657;35
Manthan;Dhamdhame;7250819938;27
Hithakshi;Nand;9542125110;35
Abhishek;Bal;8539535047;34
Yagnesh;Dalvi;9030147561;33
Sowmya;Shenoy;8576761349;25
Jeet;Bal;8393211837;31
Gunbir;Banerjee;7968764172;28
Pratima;Gupta;8400692224;27
Reshma;Nair;7438298897;33
Aishwarya;Nand;8332601001;22
Lakshit;Shah;8058964367;33
Namitha;Dsouza;7989888977;29
Arjun;Moolya;8773613244;25
Reema;Prajapati;9237552870;27
Devansh;Bhardwaj;8246735970;25
Shwetha;Pai;9751824614;34
Dona;Rao;7561786435;32
Darsh;Dawangave;8518671740;24
Yatan;Suvarna;8667666372;25
Akshatha;Sullad;8114763732;23
Namitha;Kouser;8556866093;27
Grishma;Kumar;7781439739;28
Anusree;Thampy;9298468800;23
Hithakshi;Hiremath;7651682251;24
Shivansh;Pujari;9500407483;26
Meenakshi;Salian;7133255137;35
Gagan;Chatterjee;7540716368;35
Neysa;Pujari;8755681146;25
Yatan;Rajesh;9887129004;32
Archana;Bhat;9322928161;30
Deepak;Bhat;7073326685;24
Praneetha;Sullad;7103928503;31
Tejaswi;Bansal;9131123383;27
Vaishnavi;Shenoy;7920108840;35
Akshita;Almeida;7499814299;31
Ranveer;Gupta;7339093767;30
Nagraj;Pujari;7087415581;25
Saloni;Tipparti;7607272464;34
Rachana;Adiga;8809027149;31
Kimaya;Andrade;9179312734;24
Smruthi;Namnaik;8207397148;25
Donita;Shah;9965965287;22
Guneet;Shroff;8933426273;33
Anujna;Shukla;8615626833;26
Rayaan;Thampy;8623525414;35
Abeer;Prabhakaran;8635723020;25
Nayana;Andrade;7865435465;26
Sandhya;Dsouza;7443817326;25
Ramya;Taj;9196865572;27
Ishita;Hiremath;8641919320;33
Dhanashri;Ramesh;7415673806;23
Vaibhavi;Dhamdhame;8405951353;24
Soumyashree;Patil;7131291864;28
Ekansh;Bangera;9343686869;23
Vandana;Belligatti;8993659687;33
Hemang;Prajapati;8176882377;28
Jayanth;Almeida;7674444937;22
Noelle;Andrade;9757000175;35
Swathi;Belligatti;7181441792;33
Meghana;Manjunath;8341355401;32
Ananya;Shet;8206757353;28
Ekapad;Nair;7804918354;28
Vaani;Naik;7440190271;25
Pranay;Bharanya;8438453455;32
Prakruthi;Tipparti;8886924504;22
Varsha;Gamskar;7103729717;28
Nakul;Keshri;9403043907;25
Balendra;Banerjee;8021261580;28
Monali;Shah;9283014577;23
Aashish;Kaur;8599600204;28
Divya;Gamskar;8306588548;30
Gaurav;Kumari;9810679243;26
Rachana;Saha;7155929018;31
Anupama;Kaur;8473264241;24
Sita;Shah;9233045709;34
Gunbir;Chiplunkar;9014196655;29
Ishaan;Mardhekar;9052990601;30
Champak;Uchil;9998264673;22
Chinmayee;Kaur;8287396517;29
Tanmay;Manjunath;8032033986;25
Navya;Moolya;7285786833;33
Anujna;Nagane;7065375438;26
Parv;Bhoja;8483167494;25
Umang;Taj;9250714746;31
Guneet;Shayana;9138390705;35
Saloni;Gatty;8117860853;35
Anjali;Singh;8577114810;32
Shivansh;Pai;9493449656;31
Shrishti;Gamskar;7834508838;25
Ojas;Namnaik;8255351620;30
Deepak;Shenoy;8822635509;31
Jenisha;Dalvi;8682629622;26
Abhishek;Nand;7471290405;24
Ananya;Dsouza;8317496002;29
Jagat;Shroff;9022665870;26
Shahistha;Banerjee;8205645657;31
Aayush;Bhat;8589111766;24
Deekshitha;Acharya;8067596569;33
Sai;Thampy;7355575201;31
Kairav;Patil;7578198360;29
Rashmitha;Patil;9662366774;28
Hitesh;Bansal;8717680547;26
Aloke;Gugale;9672027179;25
Tarak;Dawangave;8565472142;31
Hiya;Kavser;8184748965;22
Orinder;Acharya;8607928091;23
Krishna;Taj;7160431714;34
Pranit;Nayak;9766060319;24
Karan;Dalvi;9523340212;25
Vidya;Banerjee;8255617530;26
Sharanya;Acharya;7152338433;32
Dhruv;Mathew;8524304168;33
Harish;Padmanabha;9440107306;29
Naveen;Hiremath;9747016965;29
Kalpit;Mugeraya;7102927053;26
Rishaan;Saldanha;8520232232;29
Harish;Bansal;7628345260;29
Ajith;Hiremath;8040287480;35
Rishi;Saniel;9311838277;34
Gayathri;Nagane;8138852313;29
Neel;Mendonsa;7925931412;32
Jayanth;Saha;7357741229;33
Aayush;Naik;8525502657;35
Prajna;Dsouza;9109246002;33
Ananth;Kulkarni;9972395689;25
Shaurya;Chiplunkar;9918117949;25
Avni;Tipparti;7095958669;23
Ishaan;Anand;9785058360;24
Ranbir;Vernekar;9606972327;26
Bakhshi;Tipparti;8609517094;32
Utkarsh;Dalvi;9251932393;31
Rashmitha;Acharya;8833886653;23
Sanjana;Prabhu;8519189488;27
Raghav;Salian;8896070847;30
Jayaraj;Prabhu;8316717746;32
Suchita;Kini;8149559854;28
Harish;Fernandes;9137063522;30
Abhimanyu;Keshri;9410873508;27
Anmol;Kamath;7192908510;30
Sushma;Naik;9333729093;30
Hrithik;Suvarna;7304631727;34
Upkaar;Prabhakaran;7272184517;29
Bachittar;Belligatti;8025919000;35
Sai;Almeida;9012021555;30
Nagesh;Suvarna;8888833264;28
Chaitra;Prabhakaran;7083662393;23
Warinder;Saniel;8017765414;26
Aarush;Chiplunkar;8254626634;35
Rishi;Kini;8187773791;35
Guneet;Prabhu;9518760506;33
Namitha;Bal;9766374410;34
Aadi;Ramesh;8058664856;24
Ayaan;Gupta;8869970940;35
Pranav;Rao;9312758127;24
Kimaya;Namnaik;8235206218;32
Renuka;Tipparti;9656481061;25
Neel;Almeida;9388584741;25
Ekapad;Holla;7721715566;34
Aayush;Nand;9111539838;22
Ajith;Kaur;9726943927;32
Pavitra;Gamskar;8690699443;32
Anujna;Acharya;7520664515;29
Akshitha;Mardhekar;9594876795;22
Dwarakanath;Acharya;7306134605;33
Rathi;Saha;7112192164;24
Samarth;Rao;9993263418;35
Saksham;Dawangave;7377114220;30
Ishwar;Bhat;9749160883;24
Dhanush;Gugale;8317098911;27
Dhruv;Dhamdhame;8517214235;28
Gopal;Mugeraya;9252098043;23
Prathiksha;Kaur;8374619188;25
Ira;Anand;8871822882;29
Champak;Tipparti;9008904580;27
Charan;Hiremath;9767117530;30
Ojas;Vernekar;8066520684;34
Nayana;Kumar;8552215038;22
Sanchitha;Nair;7405176076;32
Drishti;Tipparti;9147336102;24
Pooja;Shetty;7053812269;28
Akhil;Gatty;9075549364;23
Suhasini;Padmanabha;8080533384;34
Champak;Tipparti;8018316541;34
Shaurya;Gamskar;8355260773;24
Vandana;Singh;8964864570;27
Atiksh;Mardhekar;7366257710;22
Zayan;Shayana;8257326877;27
Jagdish;Taj;8667999276;26
Parv;Nayak;8624045422;34
Hetal;Bangera;9743170339;28
Gaurav;Uchil;8105878675;26
Kabir;Bangera;7704844996;23
Shruti;Andrade;9524401216;33
Chatura;Holla;7892275332;32
Falan;Saldanha;7120287329;34
Pavitra;Dhamdhame;7966463984;24
Anupama;Anand;9462930504;25
Sowjanya;Nand;9461885609;30
Rachit;Shet;8642125803;22
Akhil;Babu;8855755075;24
Sonali;Holla;8864369849;27
Samesh;Kaur;9964134730;33
Madhura;Saldanha;8790616973;23
Deepak;Shukla;8897342076;26
Harshitha;Kulkarni;9995605062;25
Rashmitha;Bhardwaj;7304533494;35
Indrajit;Bal;9184317490;34
Archana;Manjunath;8322879479;29
Tejas;Acharya;8836902397;35
Nikhitha;Acharya;8536695764;27
Dharmesh;Mardhekar;7448946100;24
Shrinidhi;Thampy;9832922950;30
Dwarakanath;Gamskar;9486662613;30
Nakul;Patil;7646025771;27
Deepika;Taj;8856890035;24
Rushali;Gatty;7285472381;23
Samarth;Nair;7541644346;32
Lavanya;Shayana;8852488857;25
Lohit;Bhoja;8815169750;34
Kahaan;Fernandes;9916933597;35
Sushma;Kaur;9313078723;30
Navya;Rai;7840678351;27
Harini;Gatty;8185419392;27
Indrajit;Kouser;8422204719;31
Jagat;Dalvi;8690507363;24
Lakshmi;Shroff;7044984550;23
Noelle;Suvarna;8909540382;27
Warinder;Mardhekar;7271396393;30
Yatan;Anand;7561107943;29
Ekapad;Nand;9349795196;23
Sadhil;Andrade;7930251789;25
Atiksh;Mendonsa;7492602599;25
Neeti;Suvarna;8755370117;25
Deepika;Rao;8256339143;27
Balendra;Salian;7999395272;31
Balendra;Gupta;9087683621;29
Sushmitha;Taj;8978728102;23
Manbir;Mendonsa;9800433379;24
Monisha;Raval;9380256494;22
Ekansh;Almeida;8296419063;30
Girish;Vernekar;7723847679;29
Falan;Adiga;8286685784;24
Yash;Rao;8493515830;23
Samaksh;Padmanabha;9729338917;31
Raunak;Prabhakaran;7745365802;25
Manvitha;Rajesh;9209019475;31
Naksh;Moolya;9700812595;34
Warinder;Shukla;8426071831;25
Shambhavi;Suvarna;9796314683;32
Balveer;Das;9428108573;28
Deeksha;Shroff;7573118691;34
Aayushi;Babu;8539371544;35
Praneel;Adiga;8976617115;35
Tanish;Dawangave;8012963487;27
Supritha;Nagane;7481878746;23
Aditya;Bhoja;7400028219;27
Akhila;Gamskar;9576642491;25
Aadi;Chatterjee;9557197003;34
Harini;Prabhu;8247149139;33
Naksh;Rai;7806151073;32
Surabhi;Shetty;9737840656;34
Manthan;Suvarna;7912726381;32
Shobha;Shayana;9966850853;30
Fitan;Sullad;8593687667;30
Gagan;Ramesh;7233927587;35
Tarak;Padmanabha;8831443930;34
Ronith;Banerjee;8239325407;33
Harshil;Pujari;7031127709;33
Joseph;Mathew;9015674685;33
Ojas;Sheikh;8283435768;27
Dhiraj;Shroff;9688386171;26
Ranbir;Anand;7595094532;33
Utkarsh;Prabhu;7809654769;32
Saksham;Nand;8774829568;30
Naksh;Banerjee;8779293690;31
Raj;Patil;8997513720;31
Akhila;Moolya;8158289875;34
Vedant;Jain;9224611740;33
Veer;Almeida;7344967428;28
Prakruthi;Mardhekar;7907533750;35
Grishma;Kini;9148879119;27
Avni;Saniel;9868164890;28
Saisha;Kouser;7870201462;30
Dwarakanath;Anchan;8331476650;22
Rashmitha;Mendonsa;7819751047;27
Parimala;Nagane;9078248901;27
Ayush;Gatty;8474896387;27
Tanvi;Jain;9710515187;33
Shabari;Gamskar;7026482576;34
Sahana;Shroff;8572600504;29
Ananya;Nayak;8512670013;24
Pooja;Rai;8657539590;23
Smruthi;Holla;9205605262;30
Ayaan;Pai;8672417869;29
Amit;Kouser;7300016440;34
Hitesh;Dhamdhame;7970082584;24
