Nombre;Apellido;Telefono;Edad 
Adolfo;Cabrera;926-034-244;32
Olga;Lorenzo;973-804-962;25
Alexander;Esteban;936-167-607;33
Ángel;Pascual;922-807-049;24
Oscar;Ortiz;914-757-320;33
Christian;Serrano;914-455-462;31
Sandra;Diaz;969-557-024;26
Inés;Delgado;943-946-826;35
David;Prieto;994-093-196;35
Nerea;Medina;959-949-257;27
Álvaro;Santana;985-953-108;25
Angela;Marín;900-178-817;33
Belén;Fuentes;978-015-082;22
Marc;Suarez;955-708-689;35
John;Calvo;957-608-974;32
Sandra;Flores;966-970-238;27
Nerea;Ortiz;994-419-722;25
Roberto;Santana;990-458-273;30
Laura;Parra;999-580-190;23
Eduardo;Fuentes;998-632-827;33
Paula;Román;995-926-875;24
Adrián;Sanz;987-725-244;28
Vicenta;Diez;985-873-623;23
Silvia;Gómez;910-469-311;22
Blanca;Molina;986-697-755;33
Tomas;Herrera;985-533-631;23
Marco;Ortega;932-177-817;29
Gerardo;León;982-640-696;22
Gonzalo;Lozano;971-684-490;35
Gustavo;González;996-357-498;26
Celia;Diez;975-556-079;23
Enrique;Cabrera;945-587-254;33
Martín;Rodríguez;927-965-795;28
Vicenta;Carrasco;913-688-200;31
Jordi;Molina;984-430-374;34
Nuria;Lorenzo;993-932-381;28
Jordi;Aguilar;924-388-501;34
Ángel;Nieto;913-291-351;32
Encarnación;López;924-110-525;26
Vicenta;Martin;965-947-183;33
Susana;Lozano;915-034-287;28
Domingo;Méndez;973-603-199;34
Josefa;Marín;944-117-718;25
Josefina;Méndez;976-346-859;26
Agustín;Crespo;946-029-044;27
Blanca;Calvo;993-283-230;28
Julián;Sáez;973-901-580;28
Fátima;Lorenzo;953-522-667;28
Sofia;Rodríguez;924-041-133;26
Sofia;Fernández;949-653-433;26
Alex;Soler;957-583-532;25
Angela;Delgado;963-663-683;30
Manuel;Navarro;943-337-572;28
Inés;Giménez;977-096-539;33
Álvaro;Gallardo;936-796-507;28
Jordi;Iglesias;990-498-670;29
Raquel;Vázquez;993-286-821;33
Marina;Cruz;985-979-464;30
Inmaculada;Parra;955-210-974;28
Lorenzo;Sanz;901-363-674;24
Manuel;León;990-189-351;26
Javier;Hernández;981-494-058;34
Alexander;Calvo;907-092-568;25
Ernesto;Bravo;968-292-385;25
Sonia;Calvo;992-188-279;34
Sebastián;Vargas;941-986-015;23
Julián;Medina;944-753-273;31
Josefa;Sáez;938-147-563;28
Julián;Serrano;916-516-996;31
María;Benítez;956-800-843;26
Marco;Reyes;994-755-515;25
José;Vázquez;920-963-797;34
Alfonso;Prieto;957-782-734;23
Rocío;Torres;936-138-768;25
Eugenio;Navarro;936-432-353;32
Alfonso;Rojas;978-637-519;35
Noelia;Lorenzo;980-850-150;33
Remedios;Jiménez;974-081-441;26
Begoña;Ortiz;984-880-373;26
Mohamed;Hidalgo;999-553-234;26
Amparo;Sanz;943-330-980;23
Victoria;Iglesias;937-443-913;26
Samuel;Mora;995-957-498;32
Aurora;Vega;986-933-491;30
Asunción;Fuentes;918-881-188;33
Gloria;Ferrer;908-234-878;35
Alexander;Aguilar;955-887-387;29
Cristina;Gallego;925-659-456;22
Emilio;Santos;959-618-933;27
Purificación;Parra;937-302-233;34
Arturo;Prieto;999-719-515;33
Marta;Pastor;921-841-013;25
Gloria;Méndez;902-796-605;29
Ricardo;Vidal;938-643-006;23
Vicenta;Jiménez;974-795-098;32
Guillermo;Vicente;948-788-985;31
Cesar;Fuentes;969-221-225;35
Lucia;Morales;901-725-899;34
Iker;Pastor;935-443-580;23
Jaime;Méndez;937-050-512;25
Eugenio;Castro;928-094-414;29
Patricia;Navarro;927-637-178;34
Jonathan;Muñoz;976-548-603;23
Santiago;Pastor;982-913-567;27
Remedios;Romero;950-092-471;29
Vicenta;Molina;957-534-246;24
Xavier;Sanz;910-311-328;27
Lourdes;Alonso;990-445-541;28
Emilio;Prieto;996-919-360;25
Carlos;Álvarez;948-473-698;29
Aurora;Hernández;953-867-022;24
Alfonso;Santos;990-401-724;32
Rosario;Benítez;957-434-158;25
Teresa;Santiago;954-386-570;31
Rubén;Cabrera;998-472-935;31
Celia;Vargas;932-207-658;32
Vicente;Martin;985-454-005;25
Elena;Crespo;991-583-290;35
Rocío;Castillo;903-763-894;33
Encarnación;Ruiz;966-015-385;30
José;Giménez;926-982-561;35
Silvia;Carmona;984-035-290;35
Álvaro;Vidal;988-427-648;35
Vanesa;Calvo;945-358-125;26
Alfonso;Morales;911-674-849;31
Miguel;Iglesias;943-471-541;24
Gonzalo;Pérez;905-607-083;29
Ramon;Sánchez;943-072-956;26
Sergio;Ramos;963-220-655;30
Ignacio;Ruiz;931-042-739;29
Laura;Gallego;980-696-798;27
Alicia;Blanco;952-598-728;27
Marta;Herrero;986-388-537;29
Cristóbal;Ferrer;948-572-430;30
Jesús;Hernández;936-245-082;24
Josefa;Diaz;915-836-780;34
Emilia;Peña;921-129-875;35
Mónica;Flores;905-201-452;27
Juan;Flores;992-983-661;32
José;Campos;949-352-109;25
Santiago;Rubio;922-651-984;27
Miriam;Muñoz;923-327-350;34
Miriam;Martínez;900-214-866;24
Aitor;Lozano;934-312-987;34
Eduardo;Vidal;928-574-289;25
Ana;Sáez;936-872-833;30
Alejandra;Reyes;927-439-272;24
Alex;Velasco;992-704-993;28
Jesus;Calvo;944-889-255;23
Ismael;Castro;916-217-053;35
José;López;972-045-139;23
Félix;Giménez;987-818-005;33
Sebastián;Ortiz;950-440-709;31
Alfredo;Serrano;986-836-908;34
Jesús;Vicente;927-776-155;35
Isaac;Moya;906-216-581;25
Julia;Iglesias;958-314-632;28
Elisa;Gallego;925-148-860;25
Marcos;Vargas;972-908-711;24
Sergio;Vega;976-380-261;27
Martín;Bravo;946-231-064;27
Noelia;García;984-385-996;34
German;Cabrera;995-967-650;35
Marta;Hidalgo;904-900-169;35
Emilio;Benítez;954-865-753;22
Julia;Nieto;931-051-812;34
Aitor;Cano;923-431-610;32
Gerardo;Gómez;963-524-842;25
Alba;Hidalgo;919-966-314;29
Emilio;Vargas;988-991-567;24
Julián;Fuentes;956-627-512;30
Carla;Duran;957-217-055;29
Jordi;Ruiz;919-685-797;31
Ismael;Moya;947-606-175;33
Jonathan;Parra;901-828-417;35
Julia;Campos;945-451-004;29
Rafael;Cano;978-763-841;35
Carmen;Pascual;966-947-880;34
Mar;Moreno;951-597-922;22
Cristina;Carrasco;951-728-869;24
Celia;Domínguez;937-364-295;33
Sofia;Hernández;939-487-237;31
Francisca;Giménez;991-435-451;24
Vicente;Navarro;989-769-567;32
Rubén;Vicente;997-266-310;34
Guillermo;Velasco;957-111-582;25
Blanca;Morales;953-581-694;29
María;Diaz;933-965-115;27
Alex;Rodríguez;909-209-145;26
Luz;García;990-394-546;25
Jaime;Rodríguez;988-925-636;23
Encarnación;Vargas;950-928-916;29
Marco;Molina;953-279-799;33
Pablo;Fuentes;968-641-674;28
José;Santiago;920-699-013;22
Gerardo;Flores;980-352-419;27
Juan;Ortega;905-156-166;29
Domingo;Romero;915-276-998;30
Yolanda;Ibáñez;993-979-027;34
Beatriz;Crespo;986-167-383;23
Rosario;Carrasco;947-637-814;35
Isabel;Ibáñez;954-621-983;31
Jonathan;Pastor;915-703-227;32
Salvador;Martin;976-165-921;33
Daniela;Cabrera;962-495-675;22
Rubén;Nieto;970-718-336;23
Mohamed;Ortiz;916-139-566;28
Consuelo;Rojas;921-806-364;28
Mario;Pascual;955-793-705;27
Arturo;Gallego;909-585-425;27
José;Cano;937-301-543;24
Diego;Crespo;934-391-829;35
Cristóbal;Santiago;909-925-079;23
Yolanda;Montero;902-931-725;23
Celia;Carrasco;991-012-604;33
John;León;936-704-273;33
Miguel;Moreno;904-511-476;32
Aitor;Vicente;964-004-947;26
Jorge;Gutiérrez;929-057-344;24
Martín;Ferrer;948-110-189;28
Nuria;Delgado;914-236-641;32
Albert;Lozano;950-500-524;22
Yolanda;Morales;991-193-356;24
Silvia;Alonso;996-110-714;29
Antonia;Velasco;922-756-057;28
Eugenio;Reyes;977-759-691;29
Sandra;Carmona;901-011-611;32
Carla;Carrasco;981-751-842;34
Nuria;Peña;929-812-477;31
Isaac;Ramos;966-668-869;24
Adriana;Martin;985-055-594;23
Vicente;Hidalgo;984-066-486;26
Luis;Hidalgo;938-615-178;30
Gregorio;Santos;936-223-117;33
Mar;Giménez;971-542-891;24
Joaquin;Herrera;986-474-564;32
Carlos;Bravo;978-493-733;29
Begoña;Jiménez;917-253-378;27
Rosario;Moreno;937-087-409;26
José;Romero;921-775-109;23
Javier;Santana;942-310-595;28
Guillermo;Vidal;960-970-014;32
Jaime;Diez;915-048-412;26
Sofia;López;920-915-386;28
Silvia;Ibáñez;929-341-168;23
Lucas;Ibáñez;965-594-454;28
Sergio;Medina;981-879-710;23
Alejandra;Marín;964-755-344;28
Alejandra;Ibáñez;955-881-578;28
Gloria;Giménez;911-297-001;23
Alfonso;Giménez;947-770-687;30
Anna;Vega;980-326-964;30
Héctor;Caballero;989-586-393;28
Esperanza;Santana;997-771-706;33
Daniel;Prieto;930-637-212;30
Dolores;Castillo;990-661-310;30
Rafael;Herrera;984-240-594;26
Andrea;Ortiz;986-818-474;33
Mar;Hernández;981-848-772;23
Ricardo;Pastor;921-932-922;23
Encarnación;Carmona;938-143-830;25
Juan;León;951-501-243;29
Lourdes;Pastor;968-826-202;32
Gloria;García;931-635-992;33
Rubén;Garrido;935-076-403;23
Encarnación;Peña;922-776-994;33
Lourdes;Mora;970-713-721;24
Magdalena;Delgado;930-669-965;34
Tomas;García;933-581-968;31
Teresa;Lorenzo;908-499-803;34
Julián;Vidal;949-714-849;31
Vicenta;García;991-724-381;34
Esteban;Herrera;915-200-996;35
Albert;Álvarez;958-850-300;25
Cristina;Rubio;988-272-696;29
Rubén;Martin;906-189-151;30
Gloria;Vidal;915-468-691;32
Lorena;Lorenzo;908-816-173;28
Teresa;Suarez;902-622-334;23
Mercedes;Márquez;997-949-805;35
Jordi;Diaz;991-573-810;28
Angela;Nieto;934-757-365;27
Marcos;Hernández;903-317-371;29
Margarita;Morales;905-324-366;25
Milagros;Pastor;940-923-110;32
Javier;Aguilar;993-376-599;35
Remedios;García;900-487-946;31
Andrea;Velasco;976-083-326;33
Gerardo;Flores;914-278-519;35
Consuelo;Álvarez;915-134-077;28
Remedios;González;979-290-586;32
Pilar;Ortiz;963-293-041;26
Natalia;Román;981-501-997;26
Ana;Castro;926-785-491;23
Adriana;Carmona;996-916-182;28
Ángel;Giménez;948-047-854;27
Jonathan;Vega;932-571-201;25
Ignacio;Domínguez;948-127-570;28
Antonio;Benítez;980-329-762;35
Sebastián;Santos;965-842-379;27
Emilia;Lozano;911-809-670;28
Cristóbal;Gutiérrez;910-326-076;34
Alex;Pastor;955-168-328;31
Blanca;Delgado;993-967-742;28
Isabel;León;974-662-298;29
Fátima;Delgado;954-694-872;24
Gustavo;Álvarez;935-296-887;35
Gerardo;Navarro;949-821-672;34
Francisco;Fernández;979-590-993;28
Carmelo;Hernández;977-557-185;32
Hugo;Molina;982-875-451;23
Marco;Morales;931-596-699;24
María;Velasco;913-174-151;22
Carolina;Román;950-920-729;25
Sebastián;Marín;981-916-470;28
Josefina;Domínguez;900-763-129;28
Joaquin;Molina;972-138-588;22
Daniel;Garrido;935-300-521;29
Emilio;Serrano;984-070-866;29
Jesus;Suarez;925-341-848;34
Eugenio;Jiménez;905-305-453;34
Felipe;Navarro;951-460-459;24
Mercedes;Diaz;931-316-552;29
Gonzalo;Serrano;998-260-206;34
Alejandro;Gallego;901-674-848;23
Xavier;Peña;951-547-839;25
Marcos;Bravo;964-390-043;22
Adrián;Molina;920-645-575;35
Luis;Pastor;945-056-365;32
Lucas;Ruiz;914-438-546;25
Beatriz;Diez;972-416-170;27
Consuelo;Herrera;913-949-034;25
Adriana;Garrido;966-477-369;31
Ángel;Soto;931-124-036;29
Sergio;Márquez;984-119-642;33
Borja;Fuentes;926-119-253;31
Víctor;Pascual;977-011-233;27
Antonio;Duran;999-810-720;32
Laura;Ramos;928-689-974;34
Eugenia;Molina;969-522-144;23
